subscription_id,user_id,subscription_start,subscription_end,subscription_status,plan_type
1,2,2025-01-30,2025-03-01,active,monthly
2,2,2025-03-01,2025-03-31,renewed,monthly
3,4,2025-02-24,2025-03-26,active,monthly
4,11,2025-02-23,2025-03-25,active,monthly
5,12,2025-03-21,2025-04-20,active,monthly
6,12,2025-04-20,2025-05-20,renewed,monthly
7,18,2025-03-11,2025-04-10,active,monthly
8,18,2025-04-10,2025-05-10,renewed,monthly
9,19,2025-03-07,2025-04-06,active,monthly
10,26,2025-01-28,2025-02-27,active,monthly
11,26,2025-02-27,2025-03-29,renewed,monthly
12,34,2025-02-17,2025-03-19,active,monthly
13,34,2025-03-19,2025-04-18,renewed,monthly
14,36,2025-02-23,2025-03-25,active,monthly
15,36,2025-03-25,2025-04-24,renewed,monthly
16,42,2025-02-08,2025-03-10,active,monthly
17,42,2025-03-10,2025-04-09,renewed,monthly
18,44,2025-02-14,2025-03-16,active,monthly
19,44,2025-03-16,2025-04-15,renewed,monthly
20,49,2025-02-18,2025-03-20,active,monthly
21,49,2025-03-20,2025-04-19,renewed,monthly
22,51,2025-03-22,2025-04-21,active,monthly
23,51,2025-04-21,2025-05-21,renewed,monthly
24,53,2025-03-14,2025-04-13,active,monthly
25,53,2025-04-13,2025-05-13,renewed,monthly
26,55,2025-03-19,2025-04-18,active,monthly
27,55,2025-04-18,2025-05-18,renewed,monthly
28,58,2025-03-10,2025-04-09,active,monthly
29,58,2025-04-09,2025-05-09,renewed,monthly
30,60,2025-02-01,2025-03-03,active,monthly
31,65,2025-02-12,2025-03-14,active,monthly
32,70,2025-02-22,2025-03-24,active,monthly
33,70,2025-03-24,2025-04-23,renewed,monthly
34,74,2025-01-06,2025-02-05,active,monthly
35,74,2025-02-05,2025-03-07,renewed,monthly
36,81,2025-02-14,2025-03-16,active,monthly
37,89,2025-02-28,2025-03-30,active,monthly
38,89,2025-03-30,2025-04-29,renewed,monthly
39,92,2025-02-23,2025-03-25,active,monthly
40,92,2025-03-25,2025-04-24,renewed,monthly
41,104,2025-03-01,2025-03-31,active,monthly
42,109,2025-03-21,2025-04-20,active,monthly
43,113,2025-02-01,2025-03-03,active,monthly
44,113,2025-03-03,2025-04-02,renewed,monthly
45,116,2025-02-21,2025-03-23,active,monthly
46,116,2025-03-23,2025-04-22,renewed,monthly
47,122,2025-03-02,2025-04-01,active,monthly
48,122,2025-04-01,2025-05-01,renewed,monthly
49,128,2025-03-02,2025-04-01,active,monthly
50,128,2025-04-01,2025-05-01,renewed,monthly
51,132,2025-02-03,2025-03-05,active,monthly
52,132,2025-03-05,2025-04-04,renewed,monthly
53,135,2025-01-29,2025-02-28,active,monthly
54,135,2025-02-28,2025-03-30,renewed,monthly
55,151,2025-03-22,2025-04-21,active,monthly
56,151,2025-04-21,2025-05-21,renewed,monthly
57,155,2025-03-07,2025-04-06,active,monthly
58,155,2025-04-06,2025-05-06,renewed,monthly
59,161,2025-02-02,2025-03-04,active,monthly
60,164,2025-03-18,2025-04-17,active,monthly
61,169,2025-01-11,2025-02-10,active,monthly
62,179,2025-02-03,2025-03-05,active,monthly
63,179,2025-03-05,2025-04-04,renewed,monthly
64,184,2025-02-03,2025-03-05,active,monthly
65,184,2025-03-05,2025-04-04,renewed,monthly
66,187,2025-02-04,2025-03-06,active,monthly
67,187,2025-03-06,2025-04-05,renewed,monthly
68,192,2025-02-28,2025-03-30,active,monthly
69,192,2025-03-30,2025-04-29,renewed,monthly
70,193,2025-02-26,2025-03-28,active,monthly
71,204,2025-01-20,2025-02-19,active,monthly
72,204,2025-02-19,2025-03-21,renewed,monthly
73,205,2025-02-09,2025-03-11,active,monthly
74,205,2025-03-11,2025-04-10,renewed,monthly
75,212,2025-01-19,2025-02-18,active,monthly
76,212,2025-02-18,2025-03-20,renewed,monthly
77,219,2025-03-19,2025-04-18,active,monthly
78,219,2025-04-18,2025-05-18,renewed,monthly
79,224,2025-02-14,2025-03-16,active,monthly
80,227,2025-01-18,2025-02-17,active,monthly
81,227,2025-02-17,2025-03-19,renewed,monthly
82,228,2025-01-31,2025-03-02,active,monthly
83,237,2025-02-05,2025-03-07,active,monthly
84,238,2025-03-12,2025-04-11,active,monthly
85,239,2025-03-14,2025-04-13,active,monthly
86,239,2025-04-13,2025-05-13,renewed,monthly
87,242,2025-02-17,2025-03-19,active,monthly
88,242,2025-03-19,2025-04-18,renewed,monthly
89,246,2025-02-24,2025-03-26,active,monthly
90,246,2025-03-26,2025-04-25,renewed,monthly
91,248,2025-02-14,2025-03-16,active,monthly
92,248,2025-03-16,2025-04-15,renewed,monthly
93,250,2025-03-09,2025-04-08,active,monthly
94,265,2025-02-28,2025-03-30,active,monthly
95,265,2025-03-30,2025-04-29,renewed,monthly
96,275,2025-03-09,2025-04-08,active,monthly
97,275,2025-04-08,2025-05-08,renewed,monthly
98,279,2025-02-01,2025-03-03,active,monthly
99,279,2025-03-03,2025-04-02,renewed,monthly
100,280,2025-03-10,2025-04-09,active,monthly
101,280,2025-04-09,2025-05-09,renewed,monthly
102,281,2025-01-25,2025-02-24,active,monthly
103,281,2025-02-24,2025-03-26,renewed,monthly
104,304,2025-01-22,2025-02-21,active,monthly
105,304,2025-02-21,2025-03-23,renewed,monthly
106,305,2025-02-26,2025-03-28,active,monthly
107,305,2025-03-28,2025-04-27,renewed,monthly
108,309,2025-02-17,2025-03-19,active,monthly
109,309,2025-03-19,2025-04-18,renewed,monthly
110,314,2025-02-23,2025-03-25,active,monthly
111,328,2025-02-26,2025-03-28,active,monthly
112,328,2025-03-28,2025-04-27,renewed,monthly
113,332,2025-02-19,2025-03-21,active,monthly
114,332,2025-03-21,2025-04-20,renewed,monthly
115,347,2025-02-02,2025-03-04,active,monthly
116,347,2025-03-04,2025-04-03,renewed,monthly
117,349,2025-03-13,2025-04-12,active,monthly
118,360,2025-02-21,2025-03-23,active,monthly
119,367,2025-02-03,2025-03-05,active,monthly
120,368,2025-02-15,2025-03-17,active,monthly
121,368,2025-03-17,2025-04-16,renewed,monthly
122,374,2025-02-06,2025-03-08,active,monthly
123,374,2025-03-08,2025-04-07,renewed,monthly
124,383,2025-03-04,2025-04-03,active,monthly
125,383,2025-04-03,2025-05-03,renewed,monthly
126,384,2025-01-26,2025-02-25,active,monthly
127,384,2025-02-25,2025-03-27,renewed,monthly
128,391,2025-02-05,2025-03-07,active,monthly
129,391,2025-03-07,2025-04-06,renewed,monthly
130,392,2025-01-10,2025-02-09,active,monthly
131,392,2025-02-09,2025-03-11,renewed,monthly
132,395,2025-02-12,2025-03-14,active,monthly
133,396,2025-03-06,2025-04-05,active,monthly
134,396,2025-04-05,2025-05-05,renewed,monthly
135,402,2025-01-15,2025-02-14,active,monthly
136,403,2025-02-02,2025-03-04,active,monthly
137,403,2025-03-04,2025-04-03,renewed,monthly
138,409,2025-02-10,2025-03-12,active,monthly
139,409,2025-03-12,2025-04-11,renewed,monthly
140,411,2025-01-13,2025-02-12,active,monthly
141,411,2025-02-12,2025-03-14,renewed,monthly
142,412,2025-01-23,2025-02-22,active,monthly
143,412,2025-02-22,2025-03-24,renewed,monthly
144,413,2025-01-23,2025-02-22,active,monthly
145,413,2025-02-22,2025-03-24,renewed,monthly
146,414,2025-02-23,2025-03-25,active,monthly
147,414,2025-03-25,2025-04-24,renewed,monthly
148,418,2025-01-09,2025-02-08,active,monthly
149,426,2025-02-03,2025-03-05,active,monthly
150,432,2025-02-10,2025-03-12,active,monthly
151,432,2025-03-12,2025-04-11,renewed,monthly
152,442,2025-02-11,2025-03-13,active,monthly
153,442,2025-03-13,2025-04-12,renewed,monthly
154,446,2025-02-07,2025-03-09,active,monthly
155,446,2025-03-09,2025-04-08,renewed,monthly
156,462,2025-03-18,2025-04-17,active,monthly
157,464,2025-02-02,2025-03-04,active,monthly
158,464,2025-03-04,2025-04-03,renewed,monthly
159,465,2025-02-17,2025-03-19,active,monthly
160,465,2025-03-19,2025-04-18,renewed,monthly
161,468,2025-02-28,2025-03-30,active,monthly
162,468,2025-03-30,2025-04-29,renewed,monthly
163,475,2025-02-19,2025-03-21,active,monthly
164,475,2025-03-21,2025-04-20,renewed,monthly
165,479,2025-02-15,2025-03-17,active,monthly
166,479,2025-03-17,2025-04-16,renewed,monthly
167,486,2025-03-11,2025-04-10,active,monthly
168,486,2025-04-10,2025-05-10,renewed,monthly
169,489,2025-02-08,2025-03-10,active,monthly
170,489,2025-03-10,2025-04-09,renewed,monthly
171,497,2025-02-19,2025-03-21,active,monthly
172,500,2025-02-06,2025-03-08,active,monthly
173,501,2025-02-07,2025-03-09,active,monthly
174,505,2025-01-23,2025-02-22,active,monthly
175,505,2025-02-22,2025-03-24,renewed,monthly
176,507,2025-02-07,2025-03-09,active,monthly
177,507,2025-03-09,2025-04-08,renewed,monthly
178,508,2025-03-11,2025-04-10,active,monthly
179,508,2025-04-10,2025-05-10,renewed,monthly
180,510,2025-02-11,2025-03-13,active,monthly
181,510,2025-03-13,2025-04-12,renewed,monthly
182,513,2025-03-25,2025-04-24,active,monthly
183,513,2025-04-24,2025-05-24,renewed,monthly
184,514,2025-02-16,2025-03-18,active,monthly
185,514,2025-03-18,2025-04-17,renewed,monthly
186,523,2025-02-01,2025-03-03,active,monthly
187,523,2025-03-03,2025-04-02,renewed,monthly
188,526,2025-03-04,2025-04-03,active,monthly
189,540,2025-02-08,2025-03-10,active,monthly
190,540,2025-03-10,2025-04-09,renewed,monthly
191,541,2025-02-06,2025-03-08,active,monthly
192,541,2025-03-08,2025-04-07,renewed,monthly
193,544,2025-01-27,2025-02-26,active,monthly
194,544,2025-02-26,2025-03-28,renewed,monthly
195,564,2025-02-12,2025-03-14,active,monthly
196,569,2025-03-03,2025-04-02,active,monthly
197,569,2025-04-02,2025-05-02,renewed,monthly
198,572,2025-01-23,2025-02-22,active,monthly
199,572,2025-02-22,2025-03-24,renewed,monthly
200,575,2025-01-21,2025-02-20,active,monthly
201,575,2025-02-20,2025-03-22,renewed,monthly
202,582,2025-02-22,2025-03-24,active,monthly
203,582,2025-03-24,2025-04-23,renewed,monthly
204,595,2025-03-18,2025-04-17,active,monthly
205,595,2025-04-17,2025-05-17,renewed,monthly
206,603,2025-01-19,2025-02-18,active,monthly
207,603,2025-02-18,2025-03-20,renewed,monthly
208,615,2025-03-06,2025-04-05,active,monthly
209,615,2025-04-05,2025-05-05,renewed,monthly
210,616,2025-02-02,2025-03-04,active,monthly
211,616,2025-03-04,2025-04-03,renewed,monthly
212,619,2025-02-02,2025-03-04,active,monthly
213,619,2025-03-04,2025-04-03,renewed,monthly
214,624,2025-02-13,2025-03-15,active,monthly
215,624,2025-03-15,2025-04-14,renewed,monthly
216,628,2025-03-15,2025-04-14,active,monthly
217,628,2025-04-14,2025-05-14,renewed,monthly
218,630,2025-02-04,2025-03-06,active,monthly
219,630,2025-03-06,2025-04-05,renewed,monthly
220,632,2025-02-06,2025-03-08,active,monthly
221,632,2025-03-08,2025-04-07,renewed,monthly
222,642,2025-03-07,2025-04-06,active,monthly
223,646,2025-02-07,2025-03-09,active,monthly
224,646,2025-03-09,2025-04-08,renewed,monthly
225,647,2025-01-14,2025-02-13,active,monthly
226,647,2025-02-13,2025-03-15,renewed,monthly
227,659,2025-02-17,2025-03-19,active,monthly
228,662,2025-03-10,2025-04-09,active,monthly
229,662,2025-04-09,2025-05-09,renewed,monthly
230,664,2025-03-10,2025-04-09,active,monthly
231,664,2025-04-09,2025-05-09,renewed,monthly
232,667,2025-02-23,2025-03-25,active,monthly
233,668,2025-03-02,2025-04-01,active,monthly
234,668,2025-04-01,2025-05-01,renewed,monthly
235,672,2025-02-05,2025-03-07,active,monthly
236,672,2025-03-07,2025-04-06,renewed,monthly
237,676,2025-03-03,2025-04-02,active,monthly
238,676,2025-04-02,2025-05-02,renewed,monthly
239,678,2025-02-25,2025-03-27,active,monthly
240,679,2025-02-17,2025-03-19,active,monthly
241,679,2025-03-19,2025-04-18,renewed,monthly
242,681,2025-02-15,2025-03-17,active,monthly
243,684,2025-03-09,2025-04-08,active,monthly
244,687,2025-02-18,2025-03-20,active,monthly
245,687,2025-03-20,2025-04-19,renewed,monthly
246,688,2025-03-08,2025-04-07,active,monthly
247,688,2025-04-07,2025-05-07,renewed,monthly
248,689,2025-01-30,2025-03-01,active,monthly
249,689,2025-03-01,2025-03-31,renewed,monthly
250,693,2025-01-27,2025-02-26,active,monthly
251,693,2025-02-26,2025-03-28,renewed,monthly
252,696,2025-01-12,2025-02-11,active,monthly
253,706,2025-01-30,2025-03-01,active,monthly
254,706,2025-03-01,2025-03-31,renewed,monthly
255,712,2025-01-14,2025-02-13,active,monthly
256,712,2025-02-13,2025-03-15,renewed,monthly
257,716,2025-03-23,2025-04-22,active,monthly
258,716,2025-04-22,2025-05-22,renewed,monthly
259,720,2025-02-26,2025-03-28,active,monthly
260,720,2025-03-28,2025-04-27,renewed,monthly
261,721,2025-02-17,2025-03-19,active,monthly
262,721,2025-03-19,2025-04-18,renewed,monthly
263,724,2025-02-17,2025-03-19,active,monthly
264,724,2025-03-19,2025-04-18,renewed,monthly
265,726,2025-01-14,2025-02-13,active,monthly
266,726,2025-02-13,2025-03-15,renewed,monthly
267,728,2025-02-08,2025-03-10,active,monthly
268,728,2025-03-10,2025-04-09,renewed,monthly
269,734,2025-02-27,2025-03-29,active,monthly
270,734,2025-03-29,2025-04-28,renewed,monthly
271,744,2025-02-10,2025-03-12,active,monthly
272,744,2025-03-12,2025-04-11,renewed,monthly
273,745,2025-03-08,2025-04-07,active,monthly
274,745,2025-04-07,2025-05-07,renewed,monthly
275,748,2025-03-05,2025-04-04,active,monthly
276,748,2025-04-04,2025-05-04,renewed,monthly
277,749,2025-03-19,2025-04-18,active,monthly
278,749,2025-04-18,2025-05-18,renewed,monthly
279,752,2025-02-28,2025-03-30,active,monthly
280,759,2025-01-29,2025-02-28,active,monthly
281,759,2025-02-28,2025-03-30,renewed,monthly
282,765,2025-01-19,2025-02-18,active,monthly
283,765,2025-02-18,2025-03-20,renewed,monthly
284,770,2025-02-22,2025-03-24,active,monthly
285,770,2025-03-24,2025-04-23,renewed,monthly
286,775,2025-03-17,2025-04-16,active,monthly
287,796,2025-02-18,2025-03-20,active,monthly
288,796,2025-03-20,2025-04-19,renewed,monthly
289,797,2025-03-01,2025-03-31,active,monthly
290,797,2025-03-31,2025-04-30,renewed,monthly
291,800,2025-02-26,2025-03-28,active,monthly
292,806,2025-02-03,2025-03-05,active,monthly
293,812,2025-03-17,2025-04-16,active,monthly
294,812,2025-04-16,2025-05-16,renewed,monthly
295,814,2025-02-21,2025-03-23,active,monthly
296,815,2025-01-11,2025-02-10,active,monthly
297,815,2025-02-10,2025-03-12,renewed,monthly
298,817,2025-01-17,2025-02-16,active,monthly
299,817,2025-02-16,2025-03-18,renewed,monthly
300,821,2025-01-24,2025-02-23,active,monthly
301,826,2025-02-22,2025-03-24,active,monthly
302,826,2025-03-24,2025-04-23,renewed,monthly
303,830,2025-03-02,2025-04-01,active,monthly
304,830,2025-04-01,2025-05-01,renewed,monthly
305,837,2025-02-17,2025-03-19,active,monthly
306,837,2025-03-19,2025-04-18,renewed,monthly
307,852,2025-03-08,2025-04-07,active,monthly
308,852,2025-04-07,2025-05-07,renewed,monthly
309,859,2025-02-19,2025-03-21,active,monthly
310,859,2025-03-21,2025-04-20,renewed,monthly
311,868,2025-01-17,2025-02-16,active,monthly
312,868,2025-02-16,2025-03-18,renewed,monthly
313,870,2025-02-01,2025-03-03,active,monthly
314,870,2025-03-03,2025-04-02,renewed,monthly
315,885,2025-02-17,2025-03-19,active,monthly
316,885,2025-03-19,2025-04-18,renewed,monthly
317,913,2025-03-15,2025-04-14,active,monthly
318,914,2025-01-25,2025-02-24,active,monthly
319,917,2025-03-11,2025-04-10,active,monthly
320,918,2025-02-12,2025-03-14,active,monthly
321,919,2025-02-18,2025-03-20,active,monthly
322,919,2025-03-20,2025-04-19,renewed,monthly
323,923,2025-02-18,2025-03-20,active,monthly
324,923,2025-03-20,2025-04-19,renewed,monthly
325,928,2025-02-21,2025-03-23,active,monthly
326,928,2025-03-23,2025-04-22,renewed,monthly
327,933,2025-02-14,2025-03-16,active,monthly
328,933,2025-03-16,2025-04-15,renewed,monthly
329,935,2025-03-02,2025-04-01,active,monthly
330,935,2025-04-01,2025-05-01,renewed,monthly
331,938,2025-02-12,2025-03-14,active,monthly
332,938,2025-03-14,2025-04-13,renewed,monthly
333,952,2025-03-04,2025-04-03,active,monthly
334,952,2025-04-03,2025-05-03,renewed,monthly
335,972,2025-03-02,2025-04-01,active,monthly
336,972,2025-04-01,2025-05-01,renewed,monthly
337,976,2025-03-02,2025-04-01,active,monthly
338,976,2025-04-01,2025-05-01,renewed,monthly
339,977,2025-02-19,2025-03-21,active,monthly
340,977,2025-03-21,2025-04-20,renewed,monthly
341,988,2025-03-11,2025-04-10,active,monthly
342,998,2025-03-01,2025-03-31,active,monthly
