user_id,registration_date,user_type,country,platform,device_type
1,2025-01-06,casual,Finland,Android,Ring_v2
2,2025-01-17,power,Finland,Android,Ring_pro
3,2025-01-27,regular,UK,iOS,Ring_v2
4,2025-01-22,regular,Finland,Android,Ring_v1
5,2025-01-25,casual,Finland,iOS,Ring_v1
6,2025-01-20,casual,Germany,Android,Ring_v1
7,2025-01-21,casual,Finland,Android,Ring_v1
8,2025-01-26,power,Germany,iOS,Ring_v2
9,2025-01-08,regular,Finland,Android,Ring_v2
10,2025-01-15,regular,Finland,iOS,Ring_v1
11,2025-01-07,casual,Finland,iOS,Ring_v1
12,2025-01-30,power,Finland,iOS,Ring_v1
13,2025-01-29,regular,UK,iOS,Ring_v2
14,2025-01-02,casual,Finland,iOS,Ring_v1
15,2025-01-22,casual,Sweden,Android,Ring_v2
16,2025-01-28,casual,Finland,iOS,Ring_v1
17,2025-01-06,casual,Finland,Android,Ring_pro
18,2025-01-18,regular,UK,iOS,Ring_pro
19,2025-01-28,casual,Finland,iOS,Ring_v1
20,2025-01-02,casual,Sweden,Android,Ring_v1
21,2025-01-21,regular,UK,iOS,Ring_v2
22,2025-01-09,casual,Sweden,iOS,Ring_v1
23,2025-01-28,casual,UK,Android,Ring_v2
24,2025-01-30,casual,Finland,iOS,Ring_pro
25,2025-01-29,casual,Finland,iOS,Ring_v2
26,2025-01-15,regular,Finland,iOS,Ring_pro
27,2025-01-26,casual,Germany,Android,Ring_v1
28,2025-01-26,regular,UK,Android,Ring_v1
29,2025-01-10,regular,Finland,Android,Ring_v2
30,2025-01-25,casual,Sweden,Android,Ring_v1
31,2025-01-02,regular,Finland,iOS,Ring_v2
32,2025-01-18,casual,Sweden,iOS,Ring_v1
33,2025-01-07,casual,Finland,Android,Ring_v1
34,2025-01-04,power,UK,iOS,Ring_pro
35,2025-01-03,power,Sweden,iOS,Ring_v1
36,2025-01-21,regular,Finland,iOS,Ring_pro
37,2025-01-11,casual,Finland,iOS,Ring_pro
38,2025-01-22,casual,Finland,Android,Ring_v2
39,2025-01-02,regular,Finland,iOS,Ring_v2
40,2025-01-10,casual,Finland,iOS,Ring_v2
41,2025-01-17,casual,UK,iOS,Ring_pro
42,2025-01-24,casual,Sweden,Android,Ring_v1
43,2025-01-10,casual,Sweden,iOS,Ring_v2
44,2025-01-19,power,Finland,iOS,Ring_v2
45,2025-01-27,casual,UK,Android,Ring_v2
46,2025-01-19,regular,Germany,Android,Ring_v2
47,2025-01-07,casual,Finland,iOS,Ring_v1
48,2025-01-01,regular,Germany,iOS,Ring_v2
49,2025-01-27,regular,Sweden,iOS,Ring_pro
50,2025-01-01,casual,Finland,iOS,Ring_v1
51,2025-01-27,power,Finland,iOS,Ring_pro
52,2025-01-16,regular,Finland,iOS,Ring_v2
53,2025-01-29,power,Finland,iOS,Ring_pro
54,2025-01-24,power,UK,iOS,Ring_v2
55,2025-01-30,regular,Germany,Android,Ring_v2
56,2025-01-11,power,Sweden,Android,Ring_v1
57,2025-01-24,casual,Finland,Android,Ring_pro
58,2025-01-13,casual,Finland,iOS,Ring_v1
59,2025-01-15,casual,Sweden,iOS,Ring_pro
60,2025-01-19,casual,Sweden,Android,Ring_pro
61,2025-01-27,casual,Finland,iOS,Ring_v1
62,2025-01-30,casual,Sweden,iOS,Ring_v1
63,2025-01-24,regular,Germany,iOS,Ring_v2
64,2025-01-13,casual,Finland,Android,Ring_v1
65,2025-01-13,casual,Finland,Android,Ring_pro
66,2025-01-23,regular,Germany,iOS,Ring_v1
67,2025-01-08,casual,Finland,iOS,Ring_v1
68,2025-01-04,regular,Finland,Android,Ring_pro
69,2025-01-11,casual,Finland,iOS,Ring_v2
70,2025-01-09,power,Finland,Android,Ring_pro
71,2025-01-09,regular,Germany,Android,Ring_v1
72,2025-01-08,casual,Sweden,Android,Ring_v2
73,2025-01-02,casual,Finland,iOS,Ring_v2
74,2025-01-01,regular,UK,iOS,Ring_v2
75,2025-01-30,regular,UK,iOS,Ring_v2
76,2025-01-13,regular,UK,Android,Ring_v2
77,2025-01-12,regular,Finland,Android,Ring_v2
78,2025-01-21,casual,Finland,iOS,Ring_v1
79,2025-01-07,casual,UK,iOS,Ring_v2
80,2025-01-29,casual,Germany,Android,Ring_v1
81,2025-01-24,power,Finland,Android,Ring_v2
82,2025-01-03,regular,Finland,Android,Ring_v1
83,2025-01-13,casual,Finland,iOS,Ring_v2
84,2025-01-27,casual,UK,iOS,Ring_v2
85,2025-01-29,casual,Sweden,Android,Ring_v1
86,2025-01-15,casual,Finland,Android,Ring_v1
87,2025-01-19,regular,Finland,iOS,Ring_v1
88,2025-01-06,regular,Sweden,iOS,Ring_v2
89,2025-01-30,power,Germany,iOS,Ring_pro
90,2025-01-07,casual,Finland,iOS,Ring_v1
91,2025-01-29,casual,Germany,iOS,Ring_v2
92,2025-01-20,regular,UK,Android,Ring_v1
93,2025-01-19,regular,Finland,iOS,Ring_v2
94,2025-01-16,regular,Sweden,Android,Ring_pro
95,2025-01-07,regular,Finland,iOS,Ring_v1
96,2025-01-06,casual,Germany,Android,Ring_v2
97,2025-01-07,regular,Sweden,Android,Ring_v1
98,2025-01-06,casual,Sweden,iOS,Ring_v1
99,2025-01-24,casual,Germany,iOS,Ring_v1
100,2025-01-11,casual,Finland,iOS,Ring_v1
101,2025-01-02,casual,UK,iOS,Ring_v2
102,2025-01-30,regular,Sweden,Android,Ring_v2
103,2025-01-27,casual,Finland,Android,Ring_v2
104,2025-01-28,regular,Sweden,iOS,Ring_v1
105,2025-01-30,power,Germany,iOS,Ring_v1
106,2025-01-06,casual,Finland,iOS,Ring_v2
107,2025-01-12,casual,UK,Android,Ring_pro
108,2025-01-23,regular,UK,iOS,Ring_v1
109,2025-01-21,casual,Finland,iOS,Ring_pro
110,2025-01-05,casual,UK,Android,Ring_v2
111,2025-01-25,casual,Finland,Android,Ring_v2
112,2025-01-07,casual,Finland,iOS,Ring_v2
113,2025-01-07,power,Finland,Android,Ring_v1
114,2025-01-17,regular,UK,iOS,Ring_v1
115,2025-01-18,regular,Sweden,iOS,Ring_v2
116,2025-01-18,power,Finland,Android,Ring_v1
117,2025-01-03,regular,Finland,Android,Ring_pro
118,2025-01-27,casual,Sweden,iOS,Ring_v2
119,2025-01-08,power,Finland,iOS,Ring_v1
120,2025-01-04,regular,UK,iOS,Ring_v2
121,2025-01-27,regular,Germany,iOS,Ring_v1
122,2025-01-29,power,Sweden,iOS,Ring_v2
123,2025-01-26,casual,UK,iOS,Ring_v2
124,2025-01-25,casual,Finland,iOS,Ring_pro
125,2025-01-20,casual,UK,Android,Ring_v2
126,2025-01-17,casual,Sweden,Android,Ring_v2
127,2025-01-03,regular,Sweden,Android,Ring_v2
128,2025-01-13,power,Finland,iOS,Ring_pro
129,2025-01-12,casual,UK,Android,Ring_v1
130,2025-01-08,regular,Finland,Android,Ring_v1
131,2025-01-22,casual,Finland,Android,Ring_v1
132,2025-01-15,casual,Finland,Android,Ring_v1
133,2025-01-03,casual,Sweden,Android,Ring_v2
134,2025-01-07,casual,Sweden,iOS,Ring_v2
135,2025-01-21,power,Germany,iOS,Ring_v2
136,2025-01-03,casual,UK,Android,Ring_v1
137,2025-01-26,regular,Finland,Android,Ring_v2
138,2025-01-15,regular,Germany,Android,Ring_v1
139,2025-01-15,casual,Finland,iOS,Ring_v2
140,2025-01-18,power,UK,iOS,Ring_v2
141,2025-01-25,power,Germany,iOS,Ring_v1
142,2025-01-11,casual,Sweden,Android,Ring_v1
143,2025-01-21,casual,Germany,iOS,Ring_v1
144,2025-01-17,casual,Finland,iOS,Ring_pro
145,2025-01-09,casual,Finland,iOS,Ring_pro
146,2025-01-27,casual,Germany,iOS,Ring_v2
147,2025-01-24,regular,Finland,Android,Ring_v1
148,2025-01-20,regular,Finland,Android,Ring_v2
149,2025-01-26,casual,Finland,Android,Ring_v2
150,2025-01-27,casual,Germany,iOS,Ring_v2
151,2025-01-22,power,Finland,Android,Ring_v1
152,2025-01-26,casual,Finland,iOS,Ring_v1
153,2025-01-21,casual,Germany,Android,Ring_v2
154,2025-01-21,casual,Germany,iOS,Ring_v1
155,2025-01-19,power,Finland,iOS,Ring_v1
156,2025-01-23,casual,Finland,Android,Ring_v1
157,2025-01-05,regular,Finland,Android,Ring_v2
158,2025-01-27,regular,Finland,iOS,Ring_pro
159,2025-01-27,casual,Finland,Android,Ring_pro
160,2025-01-01,regular,Germany,iOS,Ring_v2
161,2025-01-25,casual,Sweden,iOS,Ring_v2
162,2025-01-04,regular,Sweden,iOS,Ring_v1
163,2025-01-11,regular,Finland,iOS,Ring_v2
164,2025-01-23,regular,Germany,iOS,Ring_v1
165,2025-01-05,casual,Finland,iOS,Ring_v2
166,2025-01-25,regular,UK,iOS,Ring_v1
167,2025-01-25,casual,Sweden,Android,Ring_v1
168,2025-01-16,casual,Finland,iOS,Ring_v1
169,2025-01-01,casual,Sweden,Android,Ring_v1
170,2025-01-09,regular,Finland,iOS,Ring_v1
171,2025-01-19,regular,Sweden,Android,Ring_v1
172,2025-01-30,casual,Finland,iOS,Ring_pro
173,2025-01-19,regular,Finland,iOS,Ring_v2
174,2025-01-08,casual,UK,iOS,Ring_v2
175,2025-01-20,regular,Finland,iOS,Ring_pro
176,2025-01-17,casual,Germany,iOS,Ring_pro
177,2025-01-24,regular,Finland,Android,Ring_v2
178,2025-01-04,casual,Sweden,Android,Ring_pro
179,2025-01-23,power,Sweden,Android,Ring_v1
180,2025-01-17,casual,Sweden,Android,Ring_v1
181,2025-01-29,casual,Finland,iOS,Ring_v2
182,2025-01-11,casual,Finland,iOS,Ring_v2
183,2025-01-19,power,Finland,iOS,Ring_v2
184,2025-01-28,power,Finland,iOS,Ring_v1
185,2025-01-04,casual,Sweden,iOS,Ring_v1
186,2025-01-29,regular,UK,iOS,Ring_v2
187,2025-01-21,regular,UK,iOS,Ring_v1
188,2025-01-03,regular,Germany,iOS,Ring_v2
189,2025-01-10,regular,Germany,Android,Ring_v2
190,2025-01-22,casual,Sweden,Android,Ring_v2
191,2025-01-03,casual,Finland,iOS,Ring_v2
192,2025-01-18,power,UK,Android,Ring_pro
193,2025-01-11,power,Sweden,Android,Ring_v2
194,2025-01-19,regular,Sweden,iOS,Ring_v2
195,2025-01-02,casual,Finland,iOS,Ring_v2
196,2025-01-27,casual,Finland,iOS,Ring_v1
197,2025-01-30,regular,Finland,Android,Ring_v1
198,2025-01-30,power,UK,Android,Ring_v1
199,2025-01-23,power,Sweden,iOS,Ring_v2
200,2025-01-04,regular,Finland,iOS,Ring_v2
201,2025-01-23,regular,UK,iOS,Ring_pro
202,2025-01-01,casual,Finland,iOS,Ring_v1
203,2025-01-01,casual,Finland,iOS,Ring_v1
204,2025-01-10,power,Finland,Android,Ring_pro
205,2025-01-15,regular,Germany,Android,Ring_v1
206,2025-01-24,casual,UK,Android,Ring_v2
207,2025-01-21,casual,Finland,Android,Ring_v2
208,2025-01-14,regular,UK,Android,Ring_v2
209,2025-01-09,casual,Finland,iOS,Ring_v1
210,2025-01-30,casual,UK,Android,Ring_v1
211,2025-01-13,regular,Germany,iOS,Ring_v1
212,2025-01-14,regular,Germany,Android,Ring_v2
213,2025-01-05,regular,Finland,iOS,Ring_v2
214,2025-01-24,casual,UK,Android,Ring_v1
215,2025-01-21,regular,Germany,iOS,Ring_v2
216,2025-01-07,casual,Finland,iOS,Ring_pro
217,2025-01-03,casual,Germany,iOS,Ring_v1
218,2025-01-21,regular,Finland,iOS,Ring_v2
219,2025-01-20,regular,UK,Android,Ring_v2
220,2025-01-09,regular,Finland,Android,Ring_v1
221,2025-01-29,regular,Germany,iOS,Ring_v1
222,2025-01-05,regular,Sweden,iOS,Ring_v2
223,2025-01-13,casual,Finland,iOS,Ring_pro
224,2025-01-29,casual,Finland,iOS,Ring_pro
225,2025-01-13,casual,Finland,iOS,Ring_v2
226,2025-01-20,casual,Finland,Android,Ring_v2
227,2025-01-12,power,Finland,iOS,Ring_v1
228,2025-01-09,casual,Sweden,iOS,Ring_v2
229,2025-01-30,power,Finland,iOS,Ring_v2
230,2025-01-13,regular,Finland,iOS,Ring_v1
231,2025-01-27,regular,Germany,iOS,Ring_v2
232,2025-01-07,regular,Finland,Android,Ring_v2
233,2025-01-07,regular,UK,iOS,Ring_v1
234,2025-01-01,casual,UK,iOS,Ring_pro
235,2025-01-20,casual,Sweden,iOS,Ring_v1
236,2025-01-12,regular,Sweden,iOS,Ring_v1
237,2025-01-26,casual,UK,iOS,Ring_v1
238,2025-01-15,casual,Finland,Android,Ring_v2
239,2025-01-30,regular,Finland,Android,Ring_v2
240,2025-01-06,casual,Finland,iOS,Ring_v1
241,2025-01-27,power,Germany,iOS,Ring_v2
242,2025-01-24,power,Finland,iOS,Ring_v1
243,2025-01-24,power,Sweden,iOS,Ring_v2
244,2025-01-26,casual,UK,Android,Ring_v2
245,2025-01-23,casual,UK,Android,Ring_v2
246,2025-01-19,power,Sweden,iOS,Ring_pro
247,2025-01-04,casual,Finland,iOS,Ring_v1
248,2025-01-01,power,Germany,iOS,Ring_v1
249,2025-01-28,power,Sweden,Android,Ring_v2
250,2025-01-19,power,Finland,Android,Ring_pro
251,2025-01-24,casual,Finland,iOS,Ring_v1
252,2025-01-15,casual,UK,iOS,Ring_v1
253,2025-01-04,power,Sweden,Android,Ring_v1
254,2025-01-04,casual,Germany,iOS,Ring_v2
255,2025-01-21,casual,UK,iOS,Ring_v1
256,2025-01-13,regular,Sweden,iOS,Ring_v2
257,2025-01-07,power,Sweden,Android,Ring_pro
258,2025-01-15,regular,Finland,iOS,Ring_v2
259,2025-01-02,regular,Finland,iOS,Ring_v1
260,2025-01-18,casual,Finland,Android,Ring_v2
261,2025-01-09,regular,Germany,iOS,Ring_v1
262,2025-01-24,power,Sweden,iOS,Ring_pro
263,2025-01-10,casual,UK,iOS,Ring_v2
264,2025-01-14,regular,Finland,iOS,Ring_v1
265,2025-01-01,power,Sweden,Android,Ring_v2
266,2025-01-03,regular,Sweden,iOS,Ring_v2
267,2025-01-12,regular,Sweden,iOS,Ring_v2
268,2025-01-15,regular,Germany,iOS,Ring_v1
269,2025-01-19,casual,Finland,Android,Ring_pro
270,2025-01-09,casual,Sweden,Android,Ring_pro
271,2025-01-21,regular,Finland,iOS,Ring_v2
272,2025-01-26,regular,Finland,iOS,Ring_pro
273,2025-01-24,power,Finland,Android,Ring_v1
274,2025-01-02,power,Sweden,iOS,Ring_v2
275,2025-01-15,regular,UK,Android,Ring_v2
276,2025-01-04,regular,Sweden,Android,Ring_v2
277,2025-01-08,regular,Germany,Android,Ring_v2
278,2025-01-30,regular,Sweden,iOS,Ring_v1
279,2025-01-05,regular,Sweden,iOS,Ring_v1
280,2025-01-15,regular,Finland,Android,Ring_v1
281,2025-01-19,power,Finland,iOS,Ring_v1
282,2025-01-22,casual,Finland,iOS,Ring_v2
283,2025-01-17,casual,Finland,Android,Ring_v1
284,2025-01-01,casual,Finland,Android,Ring_v1
285,2025-01-10,regular,Finland,iOS,Ring_v2
286,2025-01-16,casual,Finland,iOS,Ring_v2
287,2025-01-03,casual,UK,iOS,Ring_pro
288,2025-01-11,regular,Finland,Android,Ring_v2
289,2025-01-01,casual,Finland,Android,Ring_v1
290,2025-01-03,regular,Finland,iOS,Ring_pro
291,2025-01-12,casual,Sweden,iOS,Ring_v2
292,2025-01-04,casual,Finland,Android,Ring_v1
293,2025-01-18,regular,Finland,iOS,Ring_v2
294,2025-01-21,casual,Sweden,iOS,Ring_pro
295,2025-01-25,casual,Finland,Android,Ring_v1
296,2025-01-07,regular,Finland,iOS,Ring_v1
297,2025-01-06,regular,Finland,Android,Ring_v1
298,2025-01-04,casual,Finland,iOS,Ring_v1
299,2025-01-20,regular,Finland,iOS,Ring_v2
300,2025-01-22,casual,Finland,Android,Ring_v2
301,2025-01-01,casual,Germany,iOS,Ring_v1
302,2025-01-29,regular,Sweden,Android,Ring_pro
303,2025-01-02,regular,Sweden,iOS,Ring_v2
304,2025-01-17,regular,Finland,iOS,Ring_v2
305,2025-01-22,regular,UK,iOS,Ring_pro
306,2025-01-27,power,Finland,iOS,Ring_v1
307,2025-01-22,regular,Finland,iOS,Ring_v2
308,2025-01-25,casual,Sweden,iOS,Ring_v2
309,2025-01-11,regular,Finland,iOS,Ring_pro
310,2025-01-25,casual,Finland,iOS,Ring_v2
311,2025-01-03,casual,Sweden,Android,Ring_v1
312,2025-01-27,casual,UK,Android,Ring_pro
313,2025-01-17,casual,Finland,Android,Ring_v1
314,2025-01-25,power,Germany,iOS,Ring_pro
315,2025-01-14,regular,UK,iOS,Ring_pro
316,2025-01-20,regular,Finland,Android,Ring_v1
317,2025-01-16,casual,Finland,iOS,Ring_v2
318,2025-01-22,casual,Finland,iOS,Ring_v1
319,2025-01-03,casual,Finland,Android,Ring_v2
320,2025-01-02,casual,Finland,Android,Ring_v2
321,2025-01-08,regular,UK,iOS,Ring_v2
322,2025-01-05,regular,Germany,iOS,Ring_pro
323,2025-01-27,regular,Sweden,Android,Ring_v2
324,2025-01-07,casual,Finland,iOS,Ring_v2
325,2025-01-30,power,Germany,Android,Ring_pro
326,2025-01-11,regular,UK,Android,Ring_pro
327,2025-01-06,regular,Germany,Android,Ring_v1
328,2025-01-24,regular,Finland,iOS,Ring_pro
329,2025-01-20,casual,Sweden,iOS,Ring_v1
330,2025-01-15,casual,Finland,Android,Ring_pro
331,2025-01-17,casual,Finland,Android,Ring_v1
332,2025-01-22,regular,Finland,Android,Ring_v1
333,2025-01-07,casual,Sweden,iOS,Ring_v2
334,2025-01-30,casual,Sweden,iOS,Ring_v2
335,2025-01-30,casual,Finland,Android,Ring_v1
336,2025-01-20,casual,Finland,Android,Ring_v1
337,2025-01-06,power,Finland,Android,Ring_v2
338,2025-01-21,regular,Finland,Android,Ring_pro
339,2025-01-03,casual,Finland,iOS,Ring_v1
340,2025-01-01,casual,Finland,Android,Ring_v1
341,2025-01-08,casual,Germany,Android,Ring_v2
342,2025-01-14,casual,Finland,iOS,Ring_v1
343,2025-01-27,casual,Finland,Android,Ring_pro
344,2025-01-22,casual,Finland,iOS,Ring_pro
345,2025-01-23,casual,UK,iOS,Ring_v2
346,2025-01-13,regular,Sweden,Android,Ring_v1
347,2025-01-11,regular,Sweden,iOS,Ring_v2
348,2025-01-12,casual,Finland,iOS,Ring_v2
349,2025-01-30,casual,Sweden,iOS,Ring_pro
350,2025-01-02,regular,Finland,iOS,Ring_v2
351,2025-01-27,regular,Sweden,iOS,Ring_v2
352,2025-01-18,power,UK,iOS,Ring_v2
353,2025-01-14,regular,Sweden,Android,Ring_v2
354,2025-01-22,casual,UK,iOS,Ring_pro
355,2025-01-15,casual,Germany,iOS,Ring_v2
356,2025-01-27,regular,Finland,iOS,Ring_v2
357,2025-01-28,casual,UK,Android,Ring_v1
358,2025-01-13,regular,Finland,iOS,Ring_v2
359,2025-01-09,power,Sweden,Android,Ring_v2
360,2025-01-18,regular,Finland,Android,Ring_v1
361,2025-01-28,casual,Finland,Android,Ring_v1
362,2025-01-07,regular,Finland,iOS,Ring_v2
363,2025-01-19,casual,Finland,Android,Ring_v2
364,2025-01-19,regular,Finland,iOS,Ring_v2
365,2025-01-22,power,Sweden,Android,Ring_v1
366,2025-01-04,casual,Finland,Android,Ring_v2
367,2025-01-22,power,Finland,iOS,Ring_v1
368,2025-01-28,power,Sweden,iOS,Ring_v2
369,2025-01-06,casual,Finland,iOS,Ring_v1
370,2025-01-08,casual,Germany,Android,Ring_v1
371,2025-01-30,casual,Sweden,iOS,Ring_v1
372,2025-01-06,casual,Germany,iOS,Ring_v1
373,2025-01-26,casual,Sweden,iOS,Ring_v1
374,2025-01-15,regular,Finland,Android,Ring_v1
375,2025-01-08,casual,Sweden,Android,Ring_v2
376,2025-01-27,casual,Finland,Android,Ring_v2
377,2025-01-14,regular,Finland,Android,Ring_v1
378,2025-01-16,casual,Germany,iOS,Ring_pro
379,2025-01-11,regular,Finland,iOS,Ring_v1
380,2025-01-18,casual,Germany,Android,Ring_v2
381,2025-01-05,casual,Germany,iOS,Ring_v1
382,2025-01-12,regular,UK,iOS,Ring_v1
383,2025-01-30,regular,UK,iOS,Ring_v2
384,2025-01-08,power,Finland,iOS,Ring_v2
385,2025-01-20,regular,Finland,iOS,Ring_pro
386,2025-01-10,regular,Sweden,Android,Ring_v2
387,2025-01-24,casual,Finland,iOS,Ring_pro
388,2025-01-04,casual,Sweden,iOS,Ring_v1
389,2025-01-30,regular,Germany,iOS,Ring_v1
390,2025-01-14,regular,Sweden,Android,Ring_v1
391,2025-01-08,power,Finland,iOS,Ring_v1
392,2025-01-03,casual,Finland,Android,Ring_v2
393,2025-01-06,casual,Finland,Android,Ring_v2
394,2025-01-16,regular,Finland,iOS,Ring_v1
395,2025-01-11,casual,UK,Android,Ring_pro
396,2025-01-25,power,Finland,Android,Ring_pro
397,2025-01-13,power,Finland,Android,Ring_v1
398,2025-01-08,casual,Finland,Android,Ring_v1
399,2025-01-19,regular,Sweden,iOS,Ring_v1
400,2025-01-22,regular,Sweden,iOS,Ring_v1
401,2025-01-06,casual,Finland,iOS,Ring_v1
402,2025-01-06,power,Finland,iOS,Ring_v2
403,2025-01-02,regular,Finland,Android,Ring_v1
404,2025-01-23,regular,Finland,iOS,Ring_v1
405,2025-01-20,casual,Sweden,Android,Ring_pro
406,2025-01-15,power,Sweden,Android,Ring_v2
407,2025-01-26,casual,Finland,Android,Ring_pro
408,2025-01-25,casual,Finland,Android,Ring_v1
409,2025-01-18,power,UK,iOS,Ring_v1
410,2025-01-27,casual,Finland,iOS,Ring_v2
411,2025-01-07,casual,Sweden,iOS,Ring_v1
412,2025-01-04,power,Finland,iOS,Ring_v1
413,2025-01-09,power,Finland,iOS,Ring_v2
414,2025-01-02,regular,Finland,iOS,Ring_v2
415,2025-01-16,regular,Sweden,Android,Ring_v2
416,2025-01-29,casual,UK,iOS,Ring_v2
417,2025-01-02,casual,Finland,iOS,Ring_v2
418,2025-01-04,casual,Finland,Android,Ring_v1
419,2025-01-14,regular,Finland,iOS,Ring_v1
420,2025-01-29,regular,Finland,iOS,Ring_v1
421,2025-01-10,regular,Finland,Android,Ring_v1
422,2025-01-16,regular,Finland,Android,Ring_pro
423,2025-01-02,casual,Germany,Android,Ring_v2
424,2025-01-05,casual,Finland,iOS,Ring_v2
425,2025-01-30,casual,Finland,Android,Ring_v1
426,2025-01-29,regular,UK,Android,Ring_v1
427,2025-01-01,casual,Finland,iOS,Ring_v1
428,2025-01-29,power,UK,Android,Ring_v1
429,2025-01-20,casual,Finland,Android,Ring_v1
430,2025-01-27,casual,UK,iOS,Ring_v2
431,2025-01-14,casual,Sweden,iOS,Ring_v2
432,2025-01-16,regular,Germany,Android,Ring_v2
433,2025-01-15,regular,UK,Android,Ring_v2
434,2025-01-21,casual,Finland,iOS,Ring_pro
435,2025-01-05,casual,UK,Android,Ring_v1
436,2025-01-01,regular,Finland,iOS,Ring_v1
437,2025-01-10,casual,Finland,iOS,Ring_v1
438,2025-01-22,regular,Finland,iOS,Ring_v2
439,2025-01-07,regular,Sweden,Android,Ring_pro
440,2025-01-21,casual,Finland,Android,Ring_v1
441,2025-01-30,casual,Sweden,iOS,Ring_pro
442,2025-01-03,power,Sweden,iOS,Ring_pro
443,2025-01-21,casual,Germany,iOS,Ring_v1
444,2025-01-14,casual,Germany,Android,Ring_v1
445,2025-01-27,regular,Finland,Android,Ring_v2
446,2025-01-06,power,Finland,Android,Ring_pro
447,2025-01-21,power,Finland,Android,Ring_v1
448,2025-01-26,regular,Finland,Android,Ring_v2
449,2025-01-29,casual,Finland,iOS,Ring_v1
450,2025-01-21,casual,Finland,iOS,Ring_v2
451,2025-01-15,regular,Finland,iOS,Ring_v2
452,2025-01-19,regular,UK,Android,Ring_v2
453,2025-01-27,casual,Sweden,Android,Ring_pro
454,2025-01-18,power,Finland,iOS,Ring_pro
455,2025-01-01,casual,Sweden,Android,Ring_pro
456,2025-01-28,casual,Finland,iOS,Ring_v1
457,2025-01-21,casual,Finland,iOS,Ring_v2
458,2025-01-21,casual,Sweden,Android,Ring_v1
459,2025-01-07,casual,Finland,Android,Ring_v2
460,2025-01-20,casual,Finland,Android,Ring_v2
461,2025-01-12,casual,UK,iOS,Ring_v2
462,2025-01-20,regular,UK,iOS,Ring_v2
463,2025-01-04,regular,Sweden,Android,Ring_pro
464,2025-01-20,regular,Sweden,iOS,Ring_v1
465,2025-01-30,power,Sweden,iOS,Ring_v2
466,2025-01-02,casual,Finland,Android,Ring_v1
467,2025-01-30,casual,Finland,iOS,Ring_v1
468,2025-01-13,power,Finland,Android,Ring_v1
469,2025-01-27,casual,Finland,Android,Ring_pro
470,2025-01-24,power,Sweden,iOS,Ring_pro
471,2025-01-18,casual,Finland,iOS,Ring_pro
472,2025-01-23,power,UK,Android,Ring_pro
473,2025-01-27,casual,UK,Android,Ring_v1
474,2025-01-13,power,Germany,Android,Ring_v1
475,2025-01-10,regular,Sweden,Android,Ring_v2
476,2025-01-21,power,UK,Android,Ring_v2
477,2025-01-25,casual,Finland,Android,Ring_v2
478,2025-01-23,regular,Germany,iOS,Ring_v1
479,2025-01-24,power,Finland,iOS,Ring_v2
480,2025-01-14,regular,Germany,iOS,Ring_v2
481,2025-01-25,regular,Finland,iOS,Ring_v1
482,2025-01-04,regular,UK,iOS,Ring_v2
483,2025-01-17,casual,UK,iOS,Ring_v2
484,2025-01-01,regular,Finland,Android,Ring_v2
485,2025-01-10,regular,Finland,iOS,Ring_v1
486,2025-01-11,power,UK,iOS,Ring_v2
487,2025-01-12,casual,Finland,iOS,Ring_v1
488,2025-01-21,casual,UK,iOS,Ring_v1
489,2025-01-12,power,Sweden,iOS,Ring_v2
490,2025-01-14,power,Finland,iOS,Ring_v2
491,2025-01-08,casual,Finland,iOS,Ring_v1
492,2025-01-12,regular,Finland,Android,Ring_v2
493,2025-01-07,casual,Germany,Android,Ring_v2
494,2025-01-03,casual,Finland,Android,Ring_v2
495,2025-01-19,casual,Sweden,Android,Ring_v2
496,2025-01-21,casual,Finland,iOS,Ring_v2
497,2025-01-19,regular,Sweden,Android,Ring_v2
498,2025-01-14,casual,UK,Android,Ring_v1
499,2025-01-12,power,UK,iOS,Ring_v1
500,2025-01-26,power,Finland,Android,Ring_v2
501,2025-01-16,regular,Germany,iOS,Ring_v2
502,2025-01-15,regular,Germany,Android,Ring_v2
503,2025-01-01,casual,Sweden,Android,Ring_v1
504,2025-01-11,regular,UK,iOS,Ring_v1
505,2025-01-12,regular,Finland,Android,Ring_v2
506,2025-01-12,casual,Finland,Android,Ring_v1
507,2025-01-18,power,UK,Android,Ring_v2
508,2025-01-17,regular,Finland,iOS,Ring_v1
509,2025-01-19,power,Germany,Android,Ring_v2
510,2025-01-23,regular,UK,iOS,Ring_pro
511,2025-01-25,regular,Finland,iOS,Ring_v1
512,2025-01-22,casual,UK,iOS,Ring_v2
513,2025-01-29,power,Finland,Android,Ring_v1
514,2025-01-01,power,Sweden,Android,Ring_v2
515,2025-01-06,casual,Sweden,Android,Ring_v2
516,2025-01-01,casual,UK,Android,Ring_v2
517,2025-01-20,casual,Finland,iOS,Ring_v2
518,2025-01-27,regular,Finland,iOS,Ring_pro
519,2025-01-08,power,Sweden,iOS,Ring_v1
520,2025-01-28,casual,Germany,iOS,Ring_v1
521,2025-01-02,regular,Sweden,iOS,Ring_pro
522,2025-01-29,casual,Finland,iOS,Ring_v2
523,2025-01-11,power,Finland,iOS,Ring_pro
524,2025-01-04,regular,Finland,iOS,Ring_v2
525,2025-01-15,regular,Germany,iOS,Ring_pro
526,2025-01-08,casual,Finland,iOS,Ring_v2
527,2025-01-09,casual,Finland,Android,Ring_v2
528,2025-01-10,casual,UK,Android,Ring_pro
529,2025-01-25,casual,Finland,Android,Ring_v2
530,2025-01-17,power,UK,iOS,Ring_v1
531,2025-01-10,regular,Sweden,iOS,Ring_v1
532,2025-01-19,power,Germany,Android,Ring_v1
533,2025-01-22,power,Finland,iOS,Ring_v1
534,2025-01-09,regular,Finland,iOS,Ring_v1
535,2025-01-13,regular,Germany,iOS,Ring_v2
536,2025-01-04,power,Germany,iOS,Ring_v2
537,2025-01-06,regular,Germany,iOS,Ring_v2
538,2025-01-21,casual,Finland,iOS,Ring_v2
539,2025-01-06,casual,Germany,Android,Ring_v1
540,2025-01-16,casual,Germany,iOS,Ring_v1
541,2025-01-22,power,Sweden,iOS,Ring_v1
542,2025-01-04,regular,Germany,Android,Ring_v2
543,2025-01-18,casual,Germany,iOS,Ring_v1
544,2025-01-08,regular,Sweden,iOS,Ring_v1
545,2025-01-29,regular,Finland,Android,Ring_v2
546,2025-01-15,casual,Finland,iOS,Ring_pro
547,2025-01-25,casual,Finland,iOS,Ring_v1
548,2025-01-17,regular,Finland,iOS,Ring_v2
549,2025-01-02,regular,Finland,iOS,Ring_v2
550,2025-01-19,regular,Finland,iOS,Ring_v2
551,2025-01-29,regular,Finland,Android,Ring_pro
552,2025-01-19,power,Finland,iOS,Ring_v1
553,2025-01-25,regular,Germany,iOS,Ring_v1
554,2025-01-27,regular,UK,iOS,Ring_pro
555,2025-01-07,power,Finland,iOS,Ring_v2
556,2025-01-07,casual,UK,Android,Ring_v2
557,2025-01-19,casual,Sweden,iOS,Ring_v2
558,2025-01-13,casual,Finland,iOS,Ring_v2
559,2025-01-26,regular,Finland,iOS,Ring_pro
560,2025-01-28,regular,Sweden,iOS,Ring_pro
561,2025-01-11,regular,Germany,iOS,Ring_v2
562,2025-01-08,casual,Germany,Android,Ring_v1
563,2025-01-24,casual,Finland,iOS,Ring_pro
564,2025-01-09,casual,Finland,iOS,Ring_v1
565,2025-01-25,casual,Finland,iOS,Ring_v1
566,2025-01-13,regular,Finland,Android,Ring_pro
567,2025-01-21,casual,Finland,iOS,Ring_v1
568,2025-01-03,casual,Finland,Android,Ring_v1
569,2025-01-19,power,Germany,Android,Ring_v1
570,2025-01-14,casual,UK,Android,Ring_pro
571,2025-01-18,regular,Finland,iOS,Ring_v2
572,2025-01-06,regular,UK,iOS,Ring_v2
573,2025-01-23,casual,Finland,Android,Ring_v1
574,2025-01-26,regular,Finland,Android,Ring_v2
575,2025-01-07,power,Finland,Android,Ring_v2
576,2025-01-03,power,Sweden,iOS,Ring_v1
577,2025-01-01,casual,UK,iOS,Ring_v2
578,2025-01-20,power,Sweden,iOS,Ring_v1
579,2025-01-19,casual,Finland,Android,Ring_pro
580,2025-01-17,casual,Sweden,iOS,Ring_v2
581,2025-01-07,casual,Finland,iOS,Ring_pro
582,2025-01-12,power,UK,Android,Ring_v1
583,2025-01-18,casual,Sweden,iOS,Ring_v2
584,2025-01-15,casual,Finland,Android,Ring_v2
585,2025-01-30,regular,Sweden,iOS,Ring_v2
586,2025-01-05,casual,Sweden,iOS,Ring_pro
587,2025-01-21,casual,Finland,iOS,Ring_v1
588,2025-01-13,casual,Sweden,Android,Ring_v1
589,2025-01-13,casual,Finland,iOS,Ring_v2
590,2025-01-22,casual,Germany,iOS,Ring_v2
591,2025-01-21,casual,Germany,Android,Ring_v2
592,2025-01-30,regular,Germany,iOS,Ring_v1
593,2025-01-04,casual,Sweden,iOS,Ring_v2
594,2025-01-04,casual,Sweden,iOS,Ring_v1
595,2025-01-22,power,Finland,iOS,Ring_v2
596,2025-01-18,casual,Germany,Android,Ring_v2
597,2025-01-09,regular,Finland,iOS,Ring_v2
598,2025-01-03,casual,Finland,iOS,Ring_v1
599,2025-01-03,casual,Finland,iOS,Ring_v2
600,2025-01-27,casual,Finland,Android,Ring_v1
601,2025-01-06,casual,Sweden,iOS,Ring_v1
602,2025-01-10,casual,Finland,iOS,Ring_v2
603,2025-01-07,casual,Germany,iOS,Ring_pro
604,2025-01-11,casual,Finland,iOS,Ring_v1
605,2025-01-03,casual,Finland,iOS,Ring_v2
606,2025-01-16,casual,Sweden,iOS,Ring_pro
607,2025-01-03,casual,Finland,Android,Ring_pro
608,2025-01-25,casual,Finland,iOS,Ring_v1
609,2025-01-08,regular,Germany,Android,Ring_pro
610,2025-01-17,regular,Finland,Android,Ring_v1
611,2025-01-27,casual,Germany,iOS,Ring_v1
612,2025-01-20,regular,Finland,iOS,Ring_v1
613,2025-01-16,regular,Finland,iOS,Ring_v2
614,2025-01-10,casual,Germany,Android,Ring_v1
615,2025-01-10,power,Finland,iOS,Ring_v1
616,2025-01-21,power,Finland,iOS,Ring_v1
617,2025-01-30,casual,Finland,iOS,Ring_pro
618,2025-01-20,casual,Finland,Android,Ring_pro
619,2025-01-17,regular,Germany,Android,Ring_v1
620,2025-01-22,regular,Finland,iOS,Ring_pro
621,2025-01-14,casual,Germany,Android,Ring_pro
622,2025-01-02,casual,UK,iOS,Ring_v2
623,2025-01-17,casual,Finland,iOS,Ring_v1
624,2025-01-29,casual,UK,Android,Ring_v2
625,2025-01-06,regular,Finland,iOS,Ring_pro
626,2025-01-21,casual,UK,iOS,Ring_v2
627,2025-01-07,casual,Finland,iOS,Ring_v1
628,2025-01-17,regular,Sweden,Android,Ring_v2
629,2025-01-03,casual,Finland,Android,Ring_v2
630,2025-01-14,casual,Finland,Android,Ring_v2
631,2025-01-23,regular,Sweden,Android,Ring_v1
632,2025-01-11,power,Germany,iOS,Ring_v1
633,2025-01-20,regular,Finland,iOS,Ring_pro
634,2025-01-24,regular,Finland,iOS,Ring_pro
635,2025-01-28,casual,Germany,iOS,Ring_v1
636,2025-01-08,casual,Sweden,iOS,Ring_pro
637,2025-01-12,regular,UK,Android,Ring_v1
638,2025-01-05,casual,Germany,iOS,Ring_v2
639,2025-01-30,casual,UK,iOS,Ring_v2
640,2025-01-28,casual,Germany,iOS,Ring_pro
641,2025-01-17,casual,Finland,iOS,Ring_pro
642,2025-01-26,casual,Finland,Android,Ring_v1
643,2025-01-16,casual,Germany,iOS,Ring_pro
644,2025-01-19,casual,Sweden,iOS,Ring_v1
645,2025-01-03,casual,Finland,Android,Ring_v2
646,2025-01-23,power,Finland,iOS,Ring_v2
647,2025-01-04,regular,UK,iOS,Ring_v2
648,2025-01-25,regular,Sweden,iOS,Ring_v1
649,2025-01-24,regular,Finland,iOS,Ring_pro
650,2025-01-22,casual,Finland,Android,Ring_v1
651,2025-01-02,casual,Finland,Android,Ring_v1
652,2025-01-10,regular,Finland,iOS,Ring_v2
653,2025-01-08,regular,Finland,Android,Ring_v2
654,2025-01-11,regular,Finland,iOS,Ring_pro
655,2025-01-03,casual,Germany,iOS,Ring_v1
656,2025-01-29,casual,Finland,iOS,Ring_v1
657,2025-01-17,casual,Germany,iOS,Ring_pro
658,2025-01-10,casual,UK,iOS,Ring_v2
659,2025-01-12,regular,Finland,Android,Ring_v1
660,2025-01-14,regular,Sweden,Android,Ring_v2
661,2025-01-19,casual,Finland,iOS,Ring_v2
662,2025-01-16,power,UK,iOS,Ring_v2
663,2025-01-28,regular,Finland,iOS,Ring_v2
664,2025-01-15,casual,Sweden,iOS,Ring_pro
665,2025-01-30,casual,Sweden,iOS,Ring_pro
666,2025-01-26,casual,Finland,iOS,Ring_v2
667,2025-01-07,casual,Finland,Android,Ring_v1
668,2025-01-28,casual,Sweden,iOS,Ring_pro
669,2025-01-04,casual,Germany,iOS,Ring_v2
670,2025-01-25,casual,Finland,iOS,Ring_v2
671,2025-01-12,casual,Sweden,iOS,Ring_v1
672,2025-01-27,power,Finland,iOS,Ring_pro
673,2025-01-27,casual,Germany,Android,Ring_v2
674,2025-01-25,regular,Finland,iOS,Ring_v1
675,2025-01-24,casual,UK,Android,Ring_v2
676,2025-01-10,power,Finland,iOS,Ring_pro
677,2025-01-03,casual,Finland,iOS,Ring_v1
678,2025-01-13,casual,Finland,iOS,Ring_pro
679,2025-01-06,power,Finland,Android,Ring_v2
680,2025-01-21,power,Sweden,iOS,Ring_v2
681,2025-01-11,regular,Finland,Android,Ring_v1
682,2025-01-30,casual,Germany,iOS,Ring_v1
683,2025-01-20,casual,Finland,Android,Ring_pro
684,2025-01-25,regular,Finland,iOS,Ring_v1
685,2025-01-04,power,Finland,Android,Ring_v2
686,2025-01-26,regular,Finland,iOS,Ring_v1
687,2025-01-28,regular,Finland,Android,Ring_v1
688,2025-01-15,casual,Finland,iOS,Ring_v1
689,2025-01-19,regular,Finland,iOS,Ring_v2
690,2025-01-23,casual,Finland,iOS,Ring_pro
691,2025-01-06,casual,Sweden,Android,Ring_v1
692,2025-01-16,casual,Sweden,iOS,Ring_v1
693,2025-01-12,regular,Finland,Android,Ring_v1
694,2025-01-05,casual,Finland,iOS,Ring_v2
695,2025-01-12,casual,UK,iOS,Ring_v2
696,2025-01-03,regular,Sweden,iOS,Ring_pro
697,2025-01-01,casual,Sweden,Android,Ring_v2
698,2025-01-05,regular,Finland,Android,Ring_v2
699,2025-01-29,casual,Germany,Android,Ring_v1
700,2025-01-17,casual,Germany,iOS,Ring_pro
701,2025-01-29,regular,Sweden,Android,Ring_v1
702,2025-01-13,casual,UK,Android,Ring_v1
703,2025-01-10,casual,Finland,iOS,Ring_v2
704,2025-01-16,casual,Finland,Android,Ring_v2
705,2025-01-14,casual,Germany,Android,Ring_v2
706,2025-01-04,power,Germany,Android,Ring_v2
707,2025-01-20,casual,Finland,Android,Ring_v2
708,2025-01-07,regular,Finland,iOS,Ring_v1
709,2025-01-19,casual,Finland,iOS,Ring_pro
710,2025-01-20,regular,Finland,Android,Ring_v2
711,2025-01-05,regular,Germany,iOS,Ring_v2
712,2025-01-02,regular,Sweden,Android,Ring_v2
713,2025-01-24,casual,Finland,Android,Ring_v1
714,2025-01-14,casual,Finland,Android,Ring_v2
715,2025-01-02,casual,Finland,Android,Ring_v2
716,2025-01-30,power,Finland,iOS,Ring_v1
717,2025-01-02,regular,Sweden,iOS,Ring_v2
718,2025-01-21,power,UK,iOS,Ring_pro
719,2025-01-30,casual,Germany,iOS,Ring_v2
720,2025-01-08,regular,Finland,iOS,Ring_pro
721,2025-01-05,power,UK,iOS,Ring_v1
722,2025-01-04,casual,Germany,Android,Ring_v1
723,2025-01-10,casual,Germany,Android,Ring_v1
724,2025-01-04,regular,Finland,iOS,Ring_v2
725,2025-01-21,regular,Finland,iOS,Ring_v1
726,2025-01-02,regular,Finland,Android,Ring_v1
727,2025-01-16,casual,Finland,iOS,Ring_pro
728,2025-01-30,regular,Finland,iOS,Ring_pro
729,2025-01-25,casual,Finland,iOS,Ring_v2
730,2025-01-19,casual,Finland,iOS,Ring_v1
731,2025-01-10,casual,Germany,iOS,Ring_v1
732,2025-01-19,regular,Finland,Android,Ring_v1
733,2025-01-16,regular,Finland,iOS,Ring_v2
734,2025-01-13,regular,UK,iOS,Ring_pro
735,2025-01-04,casual,UK,iOS,Ring_v2
736,2025-01-27,power,Germany,iOS,Ring_v1
737,2025-01-14,casual,UK,Android,Ring_v2
738,2025-01-06,regular,Sweden,Android,Ring_v1
739,2025-01-12,casual,UK,Android,Ring_v1
740,2025-01-13,casual,Finland,iOS,Ring_v2
741,2025-01-25,casual,Finland,Android,Ring_v2
742,2025-01-23,casual,Finland,Android,Ring_v1
743,2025-01-24,regular,Finland,Android,Ring_v1
744,2025-01-01,regular,Finland,iOS,Ring_pro
745,2025-01-13,casual,Sweden,iOS,Ring_v1
746,2025-01-15,power,Germany,iOS,Ring_v1
747,2025-01-01,casual,Sweden,Android,Ring_v1
748,2025-01-08,regular,Finland,iOS,Ring_v1
749,2025-01-23,power,Germany,iOS,Ring_v1
750,2025-01-05,regular,Sweden,Android,Ring_pro
751,2025-01-17,casual,Finland,Android,Ring_v1
752,2025-01-07,power,Sweden,Android,Ring_v2
753,2025-01-01,regular,Finland,iOS,Ring_v2
754,2025-01-08,casual,Finland,Android,Ring_v2
755,2025-01-30,casual,UK,iOS,Ring_pro
756,2025-01-25,regular,Finland,iOS,Ring_pro
757,2025-01-29,regular,Finland,iOS,Ring_v1
758,2025-01-15,regular,UK,iOS,Ring_v2
759,2025-01-04,power,Germany,iOS,Ring_v2
760,2025-01-17,regular,Finland,Android,Ring_pro
761,2025-01-14,casual,Finland,iOS,Ring_v2
762,2025-01-26,casual,Finland,Android,Ring_pro
763,2025-01-03,casual,Sweden,iOS,Ring_v2
764,2025-01-15,regular,Finland,iOS,Ring_v1
765,2025-01-05,casual,Finland,iOS,Ring_v2
766,2025-01-10,regular,UK,iOS,Ring_pro
767,2025-01-23,regular,Sweden,iOS,Ring_pro
768,2025-01-15,power,Finland,iOS,Ring_v1
769,2025-01-12,casual,Sweden,iOS,Ring_v2
770,2025-01-12,regular,Sweden,iOS,Ring_v1
771,2025-01-14,casual,Finland,iOS,Ring_v1
772,2025-01-24,regular,Finland,Android,Ring_v2
773,2025-01-27,casual,Germany,iOS,Ring_v1
774,2025-01-29,casual,Finland,Android,Ring_pro
775,2025-01-24,regular,Sweden,Android,Ring_v1
776,2025-01-10,casual,Finland,Android,Ring_pro
777,2025-01-21,casual,Finland,Android,Ring_v1
778,2025-01-14,regular,Finland,iOS,Ring_v1
779,2025-01-08,regular,Finland,Android,Ring_v1
780,2025-01-26,regular,Finland,Android,Ring_v1
781,2025-01-02,regular,Finland,iOS,Ring_v1
782,2025-01-28,regular,Germany,iOS,Ring_v1
783,2025-01-14,casual,UK,iOS,Ring_v2
784,2025-01-20,casual,Germany,Android,Ring_v1
785,2025-01-20,casual,UK,Android,Ring_v2
786,2025-01-27,power,Finland,iOS,Ring_v1
787,2025-01-20,regular,UK,iOS,Ring_pro
788,2025-01-19,casual,Finland,iOS,Ring_pro
789,2025-01-02,casual,UK,iOS,Ring_v2
790,2025-01-16,power,UK,Android,Ring_v1
791,2025-01-05,casual,Germany,iOS,Ring_v1
792,2025-01-23,regular,UK,iOS,Ring_pro
793,2025-01-16,regular,Sweden,iOS,Ring_v1
794,2025-01-21,regular,Finland,Android,Ring_v1
795,2025-01-02,casual,Finland,iOS,Ring_v1
796,2025-01-03,power,Sweden,Android,Ring_v1
797,2025-01-22,power,Finland,iOS,Ring_v1
798,2025-01-03,regular,Sweden,iOS,Ring_v2
799,2025-01-03,regular,UK,iOS,Ring_v1
800,2025-01-01,power,Finland,iOS,Ring_v2
801,2025-01-29,regular,Germany,iOS,Ring_v1
802,2025-01-23,casual,UK,Android,Ring_v1
803,2025-01-11,regular,UK,Android,Ring_pro
804,2025-01-09,regular,UK,Android,Ring_v1
805,2025-01-11,casual,Sweden,iOS,Ring_pro
806,2025-01-24,regular,UK,Android,Ring_v2
807,2025-01-20,power,Germany,iOS,Ring_v1
808,2025-01-06,power,Finland,iOS,Ring_pro
809,2025-01-06,casual,Finland,iOS,Ring_v1
810,2025-01-03,casual,Germany,iOS,Ring_pro
811,2025-01-20,power,Finland,Android,Ring_v1
812,2025-01-23,regular,Sweden,iOS,Ring_pro
813,2025-01-08,casual,Sweden,iOS,Ring_v1
814,2025-01-01,power,Finland,Android,Ring_v2
815,2025-01-03,power,Sweden,iOS,Ring_v2
816,2025-01-30,regular,Germany,iOS,Ring_pro
817,2025-01-09,regular,Finland,iOS,Ring_pro
818,2025-01-24,casual,Finland,Android,Ring_pro
819,2025-01-19,casual,Finland,Android,Ring_pro
820,2025-01-12,casual,Finland,iOS,Ring_v1
821,2025-01-07,regular,UK,iOS,Ring_v1
822,2025-01-04,casual,Finland,iOS,Ring_v1
823,2025-01-19,casual,Sweden,Android,Ring_v1
824,2025-01-24,casual,Finland,iOS,Ring_v1
825,2025-01-20,regular,Finland,iOS,Ring_v2
826,2025-01-16,power,Germany,iOS,Ring_v1
827,2025-01-02,casual,Germany,iOS,Ring_v2
828,2025-01-30,casual,Finland,iOS,Ring_v1
829,2025-01-24,regular,Finland,Android,Ring_v1
830,2025-01-09,casual,Finland,iOS,Ring_v2
831,2025-01-30,casual,Finland,iOS,Ring_v2
832,2025-01-19,casual,Sweden,Android,Ring_v2
833,2025-01-18,casual,Finland,Android,Ring_v2
834,2025-01-23,casual,Finland,iOS,Ring_v1
835,2025-01-25,casual,Finland,iOS,Ring_v2
836,2025-01-20,casual,UK,iOS,Ring_v1
837,2025-01-04,power,UK,Android,Ring_v1
838,2025-01-11,casual,Finland,iOS,Ring_v2
839,2025-01-28,regular,Germany,Android,Ring_v1
840,2025-01-07,regular,Finland,Android,Ring_v1
841,2025-01-12,casual,Finland,iOS,Ring_pro
842,2025-01-13,regular,Germany,iOS,Ring_pro
843,2025-01-14,casual,UK,iOS,Ring_v1
844,2025-01-19,power,UK,iOS,Ring_v1
845,2025-01-29,casual,Sweden,iOS,Ring_v1
846,2025-01-08,casual,Finland,Android,Ring_v1
847,2025-01-04,casual,Germany,Android,Ring_pro
848,2025-01-06,power,Finland,iOS,Ring_v1
849,2025-01-27,regular,Sweden,Android,Ring_v2
850,2025-01-20,regular,Finland,iOS,Ring_v1
851,2025-01-09,casual,Sweden,iOS,Ring_pro
852,2025-01-25,regular,Finland,iOS,Ring_v1
853,2025-01-26,casual,Finland,Android,Ring_v2
854,2025-01-26,power,UK,Android,Ring_v1
855,2025-01-28,casual,Finland,Android,Ring_v2
856,2025-01-08,casual,Sweden,iOS,Ring_v1
857,2025-01-23,casual,Finland,iOS,Ring_v1
858,2025-01-14,casual,Finland,iOS,Ring_pro
859,2025-01-26,regular,Finland,iOS,Ring_pro
860,2025-01-22,casual,Finland,Android,Ring_pro
861,2025-01-24,regular,UK,Android,Ring_v2
862,2025-01-20,casual,Finland,Android,Ring_pro
863,2025-01-06,regular,UK,iOS,Ring_v1
864,2025-01-17,casual,Sweden,iOS,Ring_v1
865,2025-01-30,casual,Finland,iOS,Ring_v1
866,2025-01-29,regular,Sweden,iOS,Ring_v2
867,2025-01-02,casual,Sweden,iOS,Ring_v1
868,2025-01-05,casual,Germany,Android,Ring_v1
869,2025-01-04,power,Finland,Android,Ring_v2
870,2025-01-22,power,Finland,iOS,Ring_pro
871,2025-01-25,casual,UK,iOS,Ring_v1
872,2025-01-07,casual,UK,iOS,Ring_v1
873,2025-01-16,regular,UK,iOS,Ring_v1
874,2025-01-26,casual,Finland,Android,Ring_v1
875,2025-01-22,casual,Germany,iOS,Ring_v1
876,2025-01-17,casual,Finland,iOS,Ring_v2
877,2025-01-18,regular,Finland,iOS,Ring_v2
878,2025-01-16,regular,Finland,Android,Ring_v2
879,2025-01-09,casual,Sweden,iOS,Ring_v1
880,2025-01-17,casual,Finland,iOS,Ring_pro
881,2025-01-21,casual,Finland,iOS,Ring_v1
882,2025-01-27,regular,UK,Android,Ring_v2
883,2025-01-20,casual,Finland,Android,Ring_pro
884,2025-01-23,casual,Finland,iOS,Ring_v1
885,2025-01-05,regular,Finland,Android,Ring_v1
886,2025-01-14,casual,UK,Android,Ring_pro
887,2025-01-01,regular,Sweden,Android,Ring_v1
888,2025-01-08,casual,Finland,Android,Ring_v2
889,2025-01-22,casual,Germany,Android,Ring_v1
890,2025-01-30,casual,Germany,iOS,Ring_v2
891,2025-01-03,regular,Finland,Android,Ring_v1
892,2025-01-13,power,Sweden,iOS,Ring_v1
893,2025-01-25,regular,Germany,Android,Ring_v2
894,2025-01-07,casual,Sweden,iOS,Ring_v1
895,2025-01-17,regular,Finland,Android,Ring_v1
896,2025-01-22,casual,UK,Android,Ring_v1
897,2025-01-19,casual,Sweden,iOS,Ring_v1
898,2025-01-06,power,Finland,Android,Ring_v1
899,2025-01-11,casual,Finland,iOS,Ring_v1
900,2025-01-24,casual,Finland,Android,Ring_pro
901,2025-01-17,casual,Finland,iOS,Ring_v1
902,2025-01-01,casual,Germany,iOS,Ring_v2
903,2025-01-23,casual,Finland,Android,Ring_v1
904,2025-01-02,regular,Finland,iOS,Ring_v1
905,2025-01-23,casual,Sweden,Android,Ring_pro
906,2025-01-07,power,Finland,iOS,Ring_v1
907,2025-01-29,regular,UK,iOS,Ring_pro
908,2025-01-12,casual,Finland,iOS,Ring_v1
909,2025-01-10,casual,Finland,iOS,Ring_v2
910,2025-01-05,casual,Finland,iOS,Ring_v2
911,2025-01-10,regular,Finland,iOS,Ring_pro
912,2025-01-27,casual,Finland,iOS,Ring_v2
913,2025-01-30,regular,Germany,iOS,Ring_v2
914,2025-01-12,casual,UK,Android,Ring_v1
915,2025-01-14,regular,Finland,Android,Ring_v1
916,2025-01-22,casual,Sweden,iOS,Ring_pro
917,2025-01-27,casual,Germany,Android,Ring_v1
918,2025-01-18,power,Germany,iOS,Ring_v1
919,2025-01-12,regular,Finland,Android,Ring_v2
920,2025-01-13,casual,Finland,Android,Ring_v1
921,2025-01-21,power,Finland,Android,Ring_pro
922,2025-01-01,casual,Germany,iOS,Ring_v2
923,2025-01-19,power,Germany,Android,Ring_v2
924,2025-01-11,regular,Finland,iOS,Ring_pro
925,2025-01-24,casual,Finland,Android,Ring_v1
926,2025-01-03,casual,UK,iOS,Ring_v1
927,2025-01-18,casual,Germany,Android,Ring_v2
928,2025-01-15,regular,UK,Android,Ring_v1
929,2025-01-20,regular,Germany,Android,Ring_v2
930,2025-01-02,casual,Finland,iOS,Ring_pro
931,2025-01-18,casual,Sweden,Android,Ring_v2
932,2025-01-17,regular,Sweden,iOS,Ring_v1
933,2025-01-17,power,Finland,Android,Ring_pro
934,2025-01-19,regular,Sweden,iOS,Ring_v2
935,2025-01-21,casual,Germany,iOS,Ring_v2
936,2025-01-25,casual,Finland,iOS,Ring_v1
937,2025-01-09,casual,Germany,iOS,Ring_pro
938,2025-01-25,power,Sweden,iOS,Ring_v2
939,2025-01-15,casual,UK,iOS,Ring_v2
940,2025-01-03,regular,Finland,iOS,Ring_pro
941,2025-01-02,casual,Finland,Android,Ring_v1
942,2025-01-11,regular,Sweden,Android,Ring_v2
943,2025-01-24,regular,Finland,iOS,Ring_pro
944,2025-01-22,regular,Germany,iOS,Ring_v1
945,2025-01-24,casual,Germany,iOS,Ring_v2
946,2025-01-16,casual,Finland,iOS,Ring_pro
947,2025-01-14,casual,Sweden,Android,Ring_v2
948,2025-01-05,power,Sweden,Android,Ring_v2
949,2025-01-10,power,Finland,iOS,Ring_pro
950,2025-01-14,regular,UK,iOS,Ring_pro
951,2025-01-03,regular,Germany,iOS,Ring_v1
952,2025-01-07,regular,Sweden,Android,Ring_v1
953,2025-01-18,casual,Germany,Android,Ring_v2
954,2025-01-23,power,Finland,iOS,Ring_v2
955,2025-01-30,casual,UK,iOS,Ring_v2
956,2025-01-28,casual,Sweden,Android,Ring_v2
957,2025-01-20,regular,Germany,Android,Ring_v1
958,2025-01-13,casual,UK,iOS,Ring_v2
959,2025-01-20,casual,Finland,iOS,Ring_v1
960,2025-01-24,regular,Germany,iOS,Ring_v2
961,2025-01-04,casual,Finland,iOS,Ring_v2
962,2025-01-13,regular,Finland,iOS,Ring_v1
963,2025-01-26,casual,Finland,iOS,Ring_v1
964,2025-01-12,casual,UK,iOS,Ring_v2
965,2025-01-18,casual,UK,iOS,Ring_v2
966,2025-01-18,casual,Germany,Android,Ring_v1
967,2025-01-06,regular,Germany,iOS,Ring_pro
968,2025-01-11,casual,Sweden,iOS,Ring_v2
969,2025-01-11,regular,UK,iOS,Ring_pro
970,2025-01-01,casual,Finland,iOS,Ring_v2
971,2025-01-01,regular,Finland,Android,Ring_v2
972,2025-01-25,power,Finland,iOS,Ring_pro
973,2025-01-09,regular,Germany,iOS,Ring_v2
974,2025-01-16,casual,Germany,Android,Ring_v2
975,2025-01-09,casual,Finland,iOS,Ring_v1
976,2025-01-29,casual,Finland,Android,Ring_v2
977,2025-01-08,regular,Germany,iOS,Ring_v1
978,2025-01-13,casual,Finland,iOS,Ring_v1
979,2025-01-27,casual,Germany,iOS,Ring_v1
980,2025-01-26,regular,UK,iOS,Ring_v1
981,2025-01-06,casual,Finland,Android,Ring_pro
982,2025-01-25,regular,Finland,Android,Ring_v1
983,2025-01-14,casual,Germany,iOS,Ring_v2
984,2025-01-15,casual,Germany,iOS,Ring_pro
985,2025-01-05,regular,Sweden,Android,Ring_v2
986,2025-01-03,casual,UK,Android,Ring_v1
987,2025-01-22,regular,Finland,iOS,Ring_v2
988,2025-01-15,casual,Sweden,iOS,Ring_v2
989,2025-01-14,casual,Germany,iOS,Ring_v2
990,2025-01-22,regular,UK,Android,Ring_v2
991,2025-01-23,regular,Finland,iOS,Ring_pro
992,2025-01-05,regular,Germany,iOS,Ring_v2
993,2025-01-19,casual,Sweden,Android,Ring_v1
994,2025-01-05,regular,Finland,iOS,Ring_v2
995,2025-01-23,casual,Finland,iOS,Ring_v1
996,2025-01-20,casual,UK,iOS,Ring_pro
997,2025-01-29,power,Finland,iOS,Ring_v1
998,2025-01-03,casual,Finland,iOS,Ring_v1
999,2025-01-02,power,Finland,iOS,Ring_pro
1000,2025-01-09,casual,UK,iOS,Ring_v2
